category,category_image,name,price,image,tag_name,tag_image,description_image
Lip,http://hince.co.kr/assets/images/hince-category-lip.png,무드인핸서 리퀴드 마뜨 얼루어먼트,"19,000원","['http://hince.co.kr/web/product/tiny/20200617/799189befb8ee4dbb9a2e1bb31f970fd.jpg', 'http://hince.co.kr/web/product/medium/20200617/306c6ab8ac1a6d72f935c93b4fbfd672.jpg']",new,['http://hince.co.kr/web/upload/custom_1.png'],"['http://hince.co.kr/pop-up/사본 -팔레트-%26-네스트.jpg', 'http://hince.co.kr/images/mood-enhancer/shadowpalette/00_lip_collection_1.jpg', 'http://hince.co.kr/images/mood-enhancer/shadowpalette/collection.gif', 'http://hince.co.kr/images/mood-enhancer/shadowpalette/00_lip_collection_2.jpg', 'http://hince.co.kr/images/mood-enhancer/liquid-matte/01_얼루어먼트_COOL.jpg', 'http://hince.co.kr/images/mood-enhancer/liquid-matte/USP_COOL_2.jpg']"
Lip,http://hince.co.kr/assets/images/hince-category-lip.png,무드인핸서 리퀴드 마뜨 오운 스킨,"19,000원","['http://hince.co.kr/web/product/tiny/20200617/b4b788b34fdd1c711ee75bf74a8096a6.jpg', 'http://hince.co.kr/web/product/medium/20200617/1084c2bb6f9e2d859dcc89a0c0f00b8e.jpg']",new,['http://hince.co.kr/web/upload/custom_1.png'],"['http://hince.co.kr/pop-up/사본 -팔레트-%26-네스트.jpg', 'http://hince.co.kr/images/mood-enhancer/shadowpalette/00_lip_collection_1.jpg', 'http://hince.co.kr/images/mood-enhancer/shadowpalette/collection.gif', 'http://hince.co.kr/images/mood-enhancer/shadowpalette/00_lip_collection_2.jpg', 'http://hince.co.kr/images/mood-enhancer/liquid-matte/02_WARM.jpg', 'http://hince.co.kr/images/mood-enhancer/liquid-matte/USP_WARM_2.jpg']"
Lip,http://hince.co.kr/assets/images/hince-category-lip.png,무드인핸서 리퀴드 마뜨 포인트 오브 뷰,"19,000원","['http://hince.co.kr/web/product/tiny/20200617/7817d7c6e2e336bddc5d037b89c4ccc6.jpg', 'http://hince.co.kr/web/product/medium/20200617/9cdb1e63fb5309af72d84b1d74da432d.jpg']",new,['http://hince.co.kr/web/upload/custom_1.png'],"['http://hince.co.kr/pop-up/사본 -팔레트-%26-네스트.jpg', 'http://hince.co.kr/images/mood-enhancer/shadowpalette/00_lip_collection_1.jpg', 'http://hince.co.kr/images/mood-enhancer/shadowpalette/collection.gif', 'http://hince.co.kr/images/mood-enhancer/shadowpalette/00_lip_collection_2.jpg', 'http://hince.co.kr/images/mood-enhancer/liquid-matte/03_WARM.jpg', 'http://hince.co.kr/images/mood-enhancer/liquid-matte/USP_WARM_2.jpg']"
Lip,http://hince.co.kr/assets/images/hince-category-lip.png,무드인핸서 리퀴드 마뜨 언체인드,"19,000원","['http://hince.co.kr/web/product/tiny/20200617/6c49a1b5e53d2a7fd99b9bce703c9365.jpg', 'http://hince.co.kr/web/product/medium/20200617/fb2ed095019d5a0a10c3cf6899eb8e85.jpg']",new,['http://hince.co.kr/web/upload/custom_1.png'],"['http://hince.co.kr/pop-up/사본 -팔레트-%26-네스트.jpg', 'http://hince.co.kr/images/mood-enhancer/shadowpalette/00_lip_collection_1.jpg', 'http://hince.co.kr/images/mood-enhancer/shadowpalette/collection.gif', 'http://hince.co.kr/images/mood-enhancer/shadowpalette/00_lip_collection_2.jpg', 'http://hince.co.kr/images/mood-enhancer/liquid-matte/04_COOL.jpg', 'http://hince.co.kr/images/mood-enhancer/liquid-matte/USP_COOL_2.jpg']"
Lip,http://hince.co.kr/assets/images/hince-category-lip.png,무드인핸서 리퀴드 마뜨 해치 아웃,"19,000원","['http://hince.co.kr/web/product/tiny/20200617/e74de11199bb407db0ef55424451bb9f.jpg', 'http://hince.co.kr/web/product/medium/20200617/6b303b2939260b47182417ed7478fc77.jpg']",new,['http://hince.co.kr/web/upload/custom_1.png'],"['http://hince.co.kr/pop-up/사본 -팔레트-%26-네스트.jpg', 'http://hince.co.kr/images/mood-enhancer/shadowpalette/00_lip_collection_1.jpg', 'http://hince.co.kr/images/mood-enhancer/shadowpalette/collection.gif', 'http://hince.co.kr/images/mood-enhancer/shadowpalette/00_lip_collection_2.jpg', 'http://hince.co.kr/images/mood-enhancer/liquid-matte/05_WARM.jpg', 'http://hince.co.kr/images/mood-enhancer/liquid-matte/USP_WARM_2.jpg']"
Lip,http://hince.co.kr/assets/images/hince-category-lip.png,무드인핸서 리퀴드 마뜨 파워하우스,"19,000원","['http://hince.co.kr/web/product/tiny/20200617/fe47292e216a722a26b1f942f5e1aaaa.jpg', 'http://hince.co.kr/web/product/medium/20200617/d9c59d72726f0eeb77b1581693a79b7f.jpg']",new,['http://hince.co.kr/web/upload/custom_1.png'],"['http://hince.co.kr/pop-up/사본 -팔레트-%26-네스트.jpg', 'http://hince.co.kr/images/mood-enhancer/shadowpalette/00_lip_collection_1.jpg', 'http://hince.co.kr/images/mood-enhancer/shadowpalette/collection.gif', 'http://hince.co.kr/images/mood-enhancer/shadowpalette/00_lip_collection_2.jpg', 'http://hince.co.kr/images/mood-enhancer/liquid-matte/06_COOL.jpg', 'http://hince.co.kr/images/mood-enhancer/liquid-matte/USP_COOL_2.jpg']"
Lip,http://hince.co.kr/assets/images/hince-category-lip.png,무드인핸서 리퀴드 마뜨 스탠스,"19,000원","['http://hince.co.kr/web/product/tiny/20200617/7a7cbd52633581a6bb5abcda1348d7fe.jpg', 'http://hince.co.kr/web/product/medium/20200617/a515c536edc3d0c8b9b03748503995d1.jpg']",new,['http://hince.co.kr/web/upload/custom_1.png'],"['http://hince.co.kr/pop-up/사본 -팔레트-%26-네스트.jpg', 'http://hince.co.kr/images/mood-enhancer/shadowpalette/00_lip_collection_1.jpg', 'http://hince.co.kr/images/mood-enhancer/shadowpalette/collection.gif', 'http://hince.co.kr/images/mood-enhancer/shadowpalette/00_lip_collection_2.jpg', 'http://hince.co.kr/images/mood-enhancer/liquid-matte/07_WARM.jpg', 'http://hince.co.kr/images/mood-enhancer/liquid-matte/USP_WARM_2.jpg']"
Lip,http://hince.co.kr/assets/images/hince-category-lip.png,무드인핸서 리퀴드 마뜨 뉴 퍼스펙티브,"19,000원","['http://hince.co.kr/web/product/tiny/20200617/84f098e93221212f8261345ede808e27.jpg', 'http://hince.co.kr/web/product/medium/20200617/7f95a00144d6770d44fd67295f7fa6de.jpg']",new,['http://hince.co.kr/web/upload/custom_1.png'],"['http://hince.co.kr/pop-up/사본 -팔레트-%26-네스트.jpg', 'http://hince.co.kr/images/mood-enhancer/shadowpalette/00_lip_collection_1.jpg', 'http://hince.co.kr/images/mood-enhancer/shadowpalette/collection.gif', 'http://hince.co.kr/images/mood-enhancer/shadowpalette/00_lip_collection_2.jpg', 'http://hince.co.kr/images/mood-enhancer/liquid-matte/08_COOL.jpg', 'http://hince.co.kr/images/mood-enhancer/liquid-matte/USP_COOL_2.jpg']"
Lip,http://hince.co.kr/assets/images/hince-category-lip.png,무드인핸서 리퀴드 마뜨 오픈 도어,"19,000원","['http://hince.co.kr/web/product/tiny/20200617/98d7c1e39705585e592fe835eae8442e.jpg', 'http://hince.co.kr/web/product/medium/20200617/79065439fe86b473baa7970878ddf1e9.jpg']",new,['http://hince.co.kr/web/upload/custom_1.png'],"['http://hince.co.kr/pop-up/사본 -팔레트-%26-네스트.jpg', 'http://hince.co.kr/images/mood-enhancer/shadowpalette/00_lip_collection_1.jpg', 'http://hince.co.kr/images/mood-enhancer/shadowpalette/collection.gif', 'http://hince.co.kr/images/mood-enhancer/shadowpalette/00_lip_collection_2.jpg', 'http://hince.co.kr/images/mood-enhancer/liquid-matte/09_WARM.jpg', 'http://hince.co.kr/images/mood-enhancer/liquid-matte/USP_WARM_2.jpg']"
Lip,http://hince.co.kr/assets/images/hince-category-lip.png,무드인핸서 리퀴드 마뜨 풀 크레딧,"19,000원","['http://hince.co.kr/web/product/tiny/20200617/39a27a7538bfc6d252493bc0c7961976.jpg', 'http://hince.co.kr/web/product/medium/20200617/3bf653bf92951a5921443d9974cdcda1.jpg']",new,['http://hince.co.kr/web/upload/custom_1.png'],"['http://hince.co.kr/pop-up/사본 -팔레트-%26-네스트.jpg', 'http://hince.co.kr/images/mood-enhancer/shadowpalette/00_lip_collection_1.jpg', 'http://hince.co.kr/images/mood-enhancer/shadowpalette/collection.gif', 'http://hince.co.kr/images/mood-enhancer/shadowpalette/00_lip_collection_2.jpg', 'http://hince.co.kr/images/mood-enhancer/liquid-matte/10_COOL.jpg', 'http://hince.co.kr/images/mood-enhancer/liquid-matte/USP_COOL_2.jpg']"
Lip,http://hince.co.kr/assets/images/hince-category-lip.png,무드인핸서 젤 글로스 언클로즈드,"19,000원","['http://hince.co.kr/web/product/tiny/20200304/95cf536f6d1c4032f61ebc2d882c9dac.jpg', 'http://hince.co.kr/web/product/medium/20200304/239168a5dc87b9b07fe2138685d66790.jpg']",,,"['http://hince.co.kr/images/mood-enhancer/gloss/00_4th collection_kr_2.jpg', 'http://hince.co.kr/images/mood-enhancer/gloss/01_언클로즈드.jpg', 'http://hince.co.kr/images/mood-enhancer/gloss/무드인핸서 젤 글로스_USP.jpg', 'http://hince.co.kr/pop-up/구매수량제한_최종.jpg']"
Lip,http://hince.co.kr/assets/images/hince-category-lip.png,무드인핸서 젤 글로스 베어 마인드,"19,000원","['http://hince.co.kr/web/product/tiny/20200304/c45addfcaa167f10442ca9adcce49196.jpg', 'http://hince.co.kr/web/product/medium/20200304/21e41942b916ea4c0ff157b5e8bcb6ca.jpg']",,,"['http://hince.co.kr/images/mood-enhancer/gloss/00_4th collection_kr_2.jpg', 'http://hince.co.kr/images/mood-enhancer/gloss/02_베어마인드.jpg', 'http://hince.co.kr/images/mood-enhancer/gloss/무드인핸서 젤 글로스_USP.jpg', 'http://hince.co.kr/pop-up/구매수량제한_최종.jpg']"
Lip,http://hince.co.kr/assets/images/hince-category-lip.png,무드인핸서 젤 글로스 딜라이트,"19,000원","['http://hince.co.kr/web/product/tiny/20200304/4d5df929fb5b2ca498fcd0159a87c237.jpg', 'http://hince.co.kr/web/product/medium/20200304/3b03a35e3a249817ac828312a3c30334.jpg']",,,"['http://hince.co.kr/images/mood-enhancer/gloss/00_4th collection_kr_2.jpg', 'http://hince.co.kr/images/mood-enhancer/gloss/03_딜라이트.jpg', 'http://hince.co.kr/images/mood-enhancer/gloss/무드인핸서 젤 글로스_USP.jpg', 'http://hince.co.kr/pop-up/구매수량제한_최종.jpg']"
Lip,http://hince.co.kr/assets/images/hince-category-lip.png,무드인핸서 젤 글로스 라이트 플로우,"19,000원","['http://hince.co.kr/web/product/tiny/20200304/724a6699ad63ccdad879d7259fa57d28.jpg', 'http://hince.co.kr/web/product/medium/20200304/5f8534c1113f021370e7c6d1de6da5f1.jpg']",,,"['http://hince.co.kr/images/mood-enhancer/gloss/00_4th collection_kr_2.jpg', 'http://hince.co.kr/images/mood-enhancer/gloss/04_라이트플로우.jpg', 'http://hince.co.kr/images/mood-enhancer/gloss/무드인핸서 젤 글로스_USP.jpg', 'http://hince.co.kr/pop-up/구매수량제한_최종.jpg']"
Lip,http://hince.co.kr/assets/images/hince-category-lip.png,무드인핸서 젤 글로스 글림 온,"19,000원","['http://hince.co.kr/web/product/tiny/20200304/4aa6fa0b4e10ed4a39bd3ca7ba5de9d3.jpg', 'http://hince.co.kr/web/product/medium/20200304/840f8ff962a179c901b2ab42b362ce4d.jpg']",,,"['http://hince.co.kr/images/mood-enhancer/gloss/00_4th collection_kr_2.jpg', 'http://hince.co.kr/images/mood-enhancer/gloss/05_글림 온.jpg', 'http://hince.co.kr/images/mood-enhancer/gloss/무드인핸서 젤 글로스_USP.jpg', 'http://hince.co.kr/pop-up/구매수량제한_최종.jpg']"
Lip,http://hince.co.kr/assets/images/hince-category-lip.png,무드인핸서 젤 글로스 디퓨즈드,"19,000원","['http://hince.co.kr/web/product/tiny/20200304/beb6090eeafa51ca2d98795eb97d4bc8.jpg', 'http://hince.co.kr/web/product/medium/20200304/332b0a84d87e512de5a40c2febf11975.jpg']",,,"['http://hince.co.kr/images/mood-enhancer/nail/00_4th collection_kr_2.jpg', 'http://hince.co.kr/images/mood-enhancer/gloss/06_디퓨즈드.jpg', 'http://hince.co.kr/images/mood-enhancer/gloss/무드인핸서 젤 글로스_USP.jpg', 'http://hince.co.kr/pop-up/구매수량제한_최종.jpg']"
Lip,http://hince.co.kr/assets/images/hince-category-lip.png,무드인핸서 리퀴드 글로우 프라임,"19,000원","['http://hince.co.kr/web/product/tiny/201909/79f1c2ca3fcc759a2b1d8aec37a62bf6.jpg', 'http://hince.co.kr/web/product/medium/201909/17e1e53ee8ed7c310ebe30d893d4d680.jpg']",,,"['http://hince.co.kr/images/mood-enhancer/liquid-glow/detail_collection_1.jpg', 'http://hince.co.kr/images/mood-enhancer/liquid-glow/detail_collection_2.gif', 'http://hince.co.kr/images/mood-enhancer/liquid-glow/detail_collection_3.jpg', 'http://hince.co.kr/images/mood-enhancer/liquid-glow/detail_prime.jpg', 'http://hince.co.kr/images/mood-enhancer/shadow/color-match_prime_buildon.jpg', 'http://hince.co.kr/images/mood-enhancer/liquid-glow/colors_how_to_1.jpg', 'http://hince.co.kr/images/mood-enhancer/liquid-glow/colors_how_to_2.jpg', 'http://hince.co.kr/images/mood-enhancer/liquid-glow/colors_how_to_3.gif', 'http://hince.co.kr/images/mood-enhancer/liquid-glow/colors_how_to_4.jpg', 'http://hince.co.kr/pop-up/구매수량제한_최종.jpg']"
Lip,http://hince.co.kr/assets/images/hince-category-lip.png,무드인핸서 리퀴드 글로우 얼티메이트,"19,000원","['http://hince.co.kr/web/product/tiny/201909/3d7b65ad3d4323e4bf952c18e02985be.jpg', 'http://hince.co.kr/web/product/medium/201909/59fd5cf90fabd874555e93c11215e8ed.jpg']",,,"['http://hince.co.kr/images/mood-enhancer/liquid-glow/detail_collection_1.jpg', 'http://hince.co.kr/images/mood-enhancer/liquid-glow/detail_collection_2.gif', 'http://hince.co.kr/images/mood-enhancer/liquid-glow/detail_collection_3.jpg', 'http://hince.co.kr/images/mood-enhancer/liquid-glow/detail_ultimate.jpg', 'http://hince.co.kr/images/mood-enhancer/shadow/color-match_ultimate_authentic.jpg', 'http://hince.co.kr/images/mood-enhancer/liquid-glow/colors_how_to_1.jpg', 'http://hince.co.kr/images/mood-enhancer/liquid-glow/colors_how_to_2.jpg', 'http://hince.co.kr/images/mood-enhancer/liquid-glow/colors_how_to_3.gif', 'http://hince.co.kr/images/mood-enhancer/liquid-glow/colors_how_to_4.jpg', 'http://hince.co.kr/pop-up/구매수량제한_최종.jpg']"
Lip,http://hince.co.kr/assets/images/hince-category-lip.png,무드인핸서 리퀴드 글로우 트루 모먼트,"19,000원","['http://hince.co.kr/web/product/tiny/201909/b7a813ed86f68bb12e865a6f5caefec1.jpg', 'http://hince.co.kr/web/product/medium/201909/e6e91a2337c84422f90280b5467105a5.jpg']",,,"['http://hince.co.kr/images/mood-enhancer/liquid-glow/detail_collection_1.jpg', 'http://hince.co.kr/images/mood-enhancer/liquid-glow/detail_collection_2.gif', 'http://hince.co.kr/images/mood-enhancer/liquid-glow/detail_collection_3.jpg', 'http://hince.co.kr/images/mood-enhancer/liquid-glow/detail_truemoment.jpg', 'http://hince.co.kr/images/mood-enhancer/shadow/color-match_truemoment_classy.jpg', 'http://hince.co.kr/images/mood-enhancer/liquid-glow/colors_how_to_1.jpg', 'http://hince.co.kr/images/mood-enhancer/liquid-glow/colors_how_to_2.jpg', 'http://hince.co.kr/images/mood-enhancer/liquid-glow/colors_how_to_3.gif', 'http://hince.co.kr/images/mood-enhancer/liquid-glow/colors_how_to_4.jpg', 'http://hince.co.kr/pop-up/구매수량제한_최종.jpg']"
Lip,http://hince.co.kr/assets/images/hince-category-lip.png,무드인핸서 리퀴드 글로우 뉴 드레프트,"19,000원","['http://hince.co.kr/web/product/tiny/201909/3d563d3229da9348408545a111a9359b.jpg', 'http://hince.co.kr/web/product/medium/201909/185831c29d8aacef6c0ae4500e34e3c1.jpg']",,,"['http://hince.co.kr/images/mood-enhancer/liquid-glow/detail_collection_1.jpg', 'http://hince.co.kr/images/mood-enhancer/liquid-glow/detail_collection_2.gif', 'http://hince.co.kr/images/mood-enhancer/liquid-glow/detail_collection_3.jpg', 'http://hince.co.kr/images/mood-enhancer/liquid-glow/detail_newdraft.jpg', 'http://hince.co.kr/images/mood-enhancer/shadow/color-match_newdraft_sensible.jpg', 'http://hince.co.kr/images/mood-enhancer/liquid-glow/colors_how_to_1.jpg', 'http://hince.co.kr/images/mood-enhancer/liquid-glow/colors_how_to_2.jpg', 'http://hince.co.kr/images/mood-enhancer/liquid-glow/colors_how_to_3.gif', 'http://hince.co.kr/pop-up/구매수량제한_최종.jpg', 'http://hince.co.kr/images/mood-enhancer/liquid-glow/colors_how_to_4.jpg']"
Lip,http://hince.co.kr/assets/images/hince-category-lip.png,무드인핸서 리퀴드 글로우 파인드 아웃,"19,000원","['http://hince.co.kr/web/product/tiny/201909/26e3b30670879d278dbcfa4d48f30e56.jpg', 'http://hince.co.kr/web/product/medium/201909/94699ba72a38ff5c8081c2a1c4ada50b.jpg']",,,"['http://hince.co.kr/images/mood-enhancer/liquid-glow/detail_collection_1.jpg', 'http://hince.co.kr/images/mood-enhancer/liquid-glow/detail_collection_2.gif', 'http://hince.co.kr/images/mood-enhancer/liquid-glow/detail_collection_3.jpg', 'http://hince.co.kr/images/mood-enhancer/liquid-glow/detail_findout.jpg', 'http://hince.co.kr/images/mood-enhancer/shadow/color-match_findout_inspire.jpg', 'http://hince.co.kr/images/mood-enhancer/liquid-glow/colors_how_to_1.jpg', 'http://hince.co.kr/images/mood-enhancer/liquid-glow/colors_how_to_2.jpg', 'http://hince.co.kr/images/mood-enhancer/liquid-glow/colors_how_to_3.gif', 'http://hince.co.kr/images/mood-enhancer/liquid-glow/colors_how_to_4.jpg', 'http://hince.co.kr/pop-up/구매수량제한_최종.jpg']"
Lip,http://hince.co.kr/assets/images/hince-category-lip.png,무드인핸서 리퀴드 글로우 인 뎁스,"19,000원","['http://hince.co.kr/web/product/tiny/201909/873ac1bd4d748a382b765d60485be390.jpg', 'http://hince.co.kr/web/product/medium/201909/66a5cb6bedf687e600316ce5573836d9.jpg']",,,"['http://hince.co.kr/images/mood-enhancer/liquid-glow/detail_collection_1.jpg', 'http://hince.co.kr/images/mood-enhancer/liquid-glow/detail_collection_2.gif', 'http://hince.co.kr/images/mood-enhancer/liquid-glow/detail_collection_3.jpg', 'http://hince.co.kr/images/mood-enhancer/liquid-glow/detail_indepth.jpg', 'http://hince.co.kr/images/mood-enhancer/shadow/color-match_indepth_newwave.jpg', 'http://hince.co.kr/images/mood-enhancer/liquid-glow/colors_how_to_1.jpg', 'http://hince.co.kr/images/mood-enhancer/liquid-glow/colors_how_to_2.jpg', 'http://hince.co.kr/images/mood-enhancer/liquid-glow/colors_how_to_3.gif', 'http://hince.co.kr/images/mood-enhancer/liquid-glow/colors_how_to_4.jpg', 'http://hince.co.kr/pop-up/구매수량제한_최종.jpg']"
Lip,http://hince.co.kr/assets/images/hince-category-lip.png,무드인핸서 리퀴드 글로우 얼루어링,"19,000원","['http://hince.co.kr/web/product/tiny/201909/05b0595edef549d1f9e140d1654fff73.jpg', 'http://hince.co.kr/web/product/medium/201909/7e181709a6e016db037a7d2e494b0b3c.jpg']",,,"['http://hince.co.kr/images/mood-enhancer/liquid-glow/detail_collection_1.jpg', 'http://hince.co.kr/images/mood-enhancer/liquid-glow/detail_collection_2.gif', 'http://hince.co.kr/images/mood-enhancer/liquid-glow/detail_collection_3.jpg', 'http://hince.co.kr/images/mood-enhancer/liquid-glow/detail_alluring.jpg', 'http://hince.co.kr/images/mood-enhancer/shadow/color-match_alluring_allureinmotion.jpg', 'http://hince.co.kr/images/mood-enhancer/liquid-glow/colors_how_to_1.jpg', 'http://hince.co.kr/images/mood-enhancer/liquid-glow/colors_how_to_2.jpg', 'http://hince.co.kr/images/mood-enhancer/liquid-glow/colors_how_to_3.gif', 'http://hince.co.kr/images/mood-enhancer/liquid-glow/colors_how_to_4.jpg', 'http://hince.co.kr/pop-up/구매수량제한_최종.jpg']"
Lip,http://hince.co.kr/assets/images/hince-category-lip.png,무드인핸서 리퀴드 글로우 언락,"19,000원","['http://hince.co.kr/web/product/tiny/201909/4736db714afb67196b5c06d33e975ead.jpg', 'http://hince.co.kr/web/product/medium/201909/48c615944926129659cd89fd8992c988.jpg']",,,"['http://hince.co.kr/images/mood-enhancer/liquid-glow/detail_collection_1.jpg', 'http://hince.co.kr/images/mood-enhancer/liquid-glow/detail_collection_2.gif', 'http://hince.co.kr/images/mood-enhancer/liquid-glow/detail_collection_3.jpg', 'http://hince.co.kr/images/mood-enhancer/liquid-glow/detail_unlock.jpg', 'http://hince.co.kr/images/mood-enhancer/shadow/color-match_unlock_reflection.jpg', 'http://hince.co.kr/images/mood-enhancer/liquid-glow/colors_how_to_1.jpg', 'http://hince.co.kr/images/mood-enhancer/liquid-glow/colors_how_to_2.jpg', 'http://hince.co.kr/images/mood-enhancer/liquid-glow/colors_how_to_3.gif', 'http://hince.co.kr/images/mood-enhancer/liquid-glow/colors_how_to_4.jpg', 'http://hince.co.kr/pop-up/구매수량제한_최종.jpg']"
Lip,http://hince.co.kr/assets/images/hince-category-lip.png,무드인핸서 리퀴드 글로우 업 클래식,"19,000원","['http://hince.co.kr/web/product/tiny/201909/88ddab13881c625635a8666b81d1c028.jpg', 'http://hince.co.kr/web/product/medium/201909/1cf10d573410ed7b82a3ae7437dee77b.jpg']",,,"['http://hince.co.kr/images/mood-enhancer/liquid-glow/detail_collection_1.jpg', 'http://hince.co.kr/images/mood-enhancer/liquid-glow/detail_collection_2.gif', 'http://hince.co.kr/images/mood-enhancer/liquid-glow/detail_collection_3.jpg', 'http://hince.co.kr/images/mood-enhancer/liquid-glow/detail_upclassic.jpg', 'http://hince.co.kr/images/mood-enhancer/shadow/color-match_upclassic_museover.jpg', 'http://hince.co.kr/images/mood-enhancer/liquid-glow/colors_how_to_1.jpg', 'http://hince.co.kr/images/mood-enhancer/liquid-glow/colors_how_to_2.jpg', 'http://hince.co.kr/images/mood-enhancer/liquid-glow/colors_how_to_3.gif', 'http://hince.co.kr/images/mood-enhancer/liquid-glow/colors_how_to_4.jpg', 'http://hince.co.kr/pop-up/구매수량제한_최종.jpg']"
Lip,http://hince.co.kr/assets/images/hince-category-lip.png,무드인핸서 리퀴드 글로우 딥 다운,"19,000원","['http://hince.co.kr/web/product/tiny/201909/f6b766b538ff2ecdaa36d773a1fe66ed.jpg', 'http://hince.co.kr/web/product/medium/201909/44c2a96b4f8430ef7213d887052140a3.jpg']",,,"['http://hince.co.kr/images/mood-enhancer/liquid-glow/detail_collection_1.jpg', 'http://hince.co.kr/images/mood-enhancer/liquid-glow/detail_collection_2.gif', 'http://hince.co.kr/images/mood-enhancer/liquid-glow/detail_collection_3.jpg', 'http://hince.co.kr/images/mood-enhancer/liquid-glow/detail_deepdown.jpg', 'http://hince.co.kr/images/mood-enhancer/shadow/color-match_deepdown_honesty.jpg', 'http://hince.co.kr/images/mood-enhancer/liquid-glow/colors_how_to_1.jpg', 'http://hince.co.kr/images/mood-enhancer/liquid-glow/colors_how_to_2.jpg', 'http://hince.co.kr/images/mood-enhancer/liquid-glow/colors_how_to_3.gif', 'http://hince.co.kr/images/mood-enhancer/liquid-glow/colors_how_to_4.jpg', 'http://hince.co.kr/pop-up/구매수량제한_최종.jpg']"
Lip,http://hince.co.kr/assets/images/hince-category-lip.png,무드인핸서 쉬어 인 더 모먼트,"19,000원","['http://hince.co.kr/web/product/tiny/201905/c23d0e72f1c3eb64413cfccca0183740.jpg', 'http://hince.co.kr/web/product/medium/201905/dcc44c46d73f881d5384f970f4b8d0b1.jpg']",,,"['http://hince.co.kr/images/mood-enhancer/sheer/detail_collection_1.jpg', 'http://hince.co.kr/images/mood-enhancer/sheer/detail_collection_2.gif', 'http://hince.co.kr/images/mood-enhancer/sheer/detail_collection_3.jpg', 'http://hince.co.kr/images/mood-enhancer/sheer/detail_collection_4.gif', 'http://hince.co.kr/images/mood-enhancer/sheer/detail_collection_5.jpg', 'http://hince.co.kr/images/mood-enhancer/sheer/detail_inthemoment_1.jpg', 'http://hince.co.kr/images/mood-enhancer/sheer/detail_inthemoment_2.jpg', 'http://hince.co.kr/images/mood-enhancer/sheer/detail_inthemoment_3.jpg', 'http://hince.co.kr/images/mood-enhancer/sheer/detail_inthemoment_4.jpg', 'http://hince.co.kr/images/mood-enhancer/sheer/9.5.jpg', 'http://hince.co.kr/images/mood-enhancer/sheer/detail_inthemoment_5.gif', 'http://hince.co.kr/images/mood-enhancer/sheer/detail_inthemoment_6.gif', 'http://hince.co.kr/pop-up/구매수량제한_최종.jpg']"
Lip,http://hince.co.kr/assets/images/hince-category-lip.png,무드인핸서 쉬어 델리케이트,"19,000원","['http://hince.co.kr/web/product/tiny/201905/a5e72e07b7dc4d77e1e45213bd83edeb.jpg', 'http://hince.co.kr/web/product/medium/201905/088950491293860a54c6aa8857a6cfd3.jpg']",,,"['http://hince.co.kr/images/mood-enhancer/sheer/detail_collection_1.jpg', 'http://hince.co.kr/images/mood-enhancer/sheer/detail_collection_2.gif', 'http://hince.co.kr/images/mood-enhancer/sheer/detail_collection_3.jpg', 'http://hince.co.kr/images/mood-enhancer/sheer/detail_collection_4.gif', 'http://hince.co.kr/images/mood-enhancer/sheer/detail_collection_5.jpg', 'http://hince.co.kr/images/mood-enhancer/sheer/detail_delicate_1.jpg', 'http://hince.co.kr/images/mood-enhancer/sheer/detail_delicate_2.jpg', 'http://hince.co.kr/images/mood-enhancer/sheer/detail_delicate_3.jpg', 'http://hince.co.kr/images/mood-enhancer/sheer/detail_delicate_4.jpg', 'http://hince.co.kr/images/mood-enhancer/sheer/9.5.jpg', 'http://hince.co.kr/images/mood-enhancer/sheer/detail_inthemoment_5.gif', 'http://hince.co.kr/images/mood-enhancer/sheer/detail_inthemoment_6.gif', 'http://hince.co.kr/pop-up/구매수량제한_최종.jpg']"
Lip,http://hince.co.kr/assets/images/hince-category-lip.png,무드인핸서 쉬어 스펠 아웃,"19,000원","['http://hince.co.kr/web/product/tiny/201907/3dcb7c819ed24d1d5e2681a69116fd76.jpg', 'http://hince.co.kr/web/product/medium/201907/7d5814800886bba4038ec79a3273a580.jpg']",,,"['http://hince.co.kr/images/mood-enhancer/sheer/detail_collection_1.jpg', 'http://hince.co.kr/images/mood-enhancer/sheer/detail_collection_2.gif', 'http://hince.co.kr/images/mood-enhancer/sheer/detail_collection_3.jpg', 'http://hince.co.kr/images/mood-enhancer/sheer/detail_collection_4.gif', 'http://hince.co.kr/images/mood-enhancer/sheer/detail_collection_5.jpg', 'http://hince.co.kr/images/mood-enhancer/sheer/detail_spellout_1.jpg', 'http://hince.co.kr/images/mood-enhancer/sheer/detail_spellout_2.jpg', 'http://hince.co.kr/images/mood-enhancer/sheer/detail_spellout_3.jpg', 'http://hince.co.kr/images/mood-enhancer/sheer/detail_spellout_4.jpg', 'http://hince.co.kr/images/mood-enhancer/sheer/9.5.jpg', 'http://hince.co.kr/images/mood-enhancer/sheer/detail_inthemoment_5.gif', 'http://hince.co.kr/images/mood-enhancer/sheer/detail_inthemoment_6.gif', 'http://hince.co.kr/pop-up/구매수량제한_최종.jpg']"
Lip,http://hince.co.kr/assets/images/hince-category-lip.png,무드인핸서 쉬어 엠비언스,"19,000원","['http://hince.co.kr/web/product/tiny/201907/ad4bbdb450f37931dbc702c8a9686a7c.jpg', 'http://hince.co.kr/web/product/medium/201907/49906ab301e1289b9cf91a00f7f34e50.jpg']",,,"['http://hince.co.kr/images/mood-enhancer/sheer/detail_collection_1.jpg', 'http://hince.co.kr/images/mood-enhancer/sheer/detail_collection_2.gif', 'http://hince.co.kr/images/mood-enhancer/sheer/detail_collection_3.jpg', 'http://hince.co.kr/images/mood-enhancer/sheer/detail_collection_4.gif', 'http://hince.co.kr/images/mood-enhancer/sheer/detail_collection_5.jpg', 'http://hince.co.kr/images/mood-enhancer/sheer/detail_ambience_1.jpg', 'http://hince.co.kr/images/mood-enhancer/sheer/detail_ambience_2.jpg', 'http://hince.co.kr/images/mood-enhancer/sheer/detail_ambience_3.jpg', 'http://hince.co.kr/images/mood-enhancer/sheer/detail_ambience_4.jpg', 'http://hince.co.kr/images/mood-enhancer/sheer/9.5.jpg', 'http://hince.co.kr/images/mood-enhancer/sheer/detail_inthemoment_5.gif', 'http://hince.co.kr/images/mood-enhancer/sheer/detail_inthemoment_6.gif', 'http://hince.co.kr/pop-up/구매수량제한_최종.jpg']"
Lip,http://hince.co.kr/assets/images/hince-category-lip.png,무드인핸서 쉬어 미러라이크,"19,000원","['http://hince.co.kr/web/product/tiny/201905/d16475fa69670171893fd602525c1832.jpg', 'http://hince.co.kr/web/product/medium/201905/1c460caa2de9458dbfd0aae97cf978fe.jpg']",,,"['http://hince.co.kr/images/mood-enhancer/sheer/detail_collection_1.jpg', 'http://hince.co.kr/images/mood-enhancer/sheer/detail_collection_2.gif', 'http://hince.co.kr/images/mood-enhancer/sheer/detail_collection_3.jpg', 'http://hince.co.kr/images/mood-enhancer/sheer/detail_collection_4.gif', 'http://hince.co.kr/images/mood-enhancer/sheer/detail_collection_5.jpg', 'http://hince.co.kr/images/mood-enhancer/sheer/detail_mirrorlike_1.jpg', 'http://hince.co.kr/images/mood-enhancer/sheer/detail_mirrorlike_2.jpg', 'http://hince.co.kr/images/mood-enhancer/sheer/detail_mirrorlike_3.jpg', 'http://hince.co.kr/images/mood-enhancer/sheer/detail_mirrorlike_4.jpg', 'http://hince.co.kr/images/mood-enhancer/sheer/9.5.jpg', 'http://hince.co.kr/images/mood-enhancer/sheer/detail_inthemoment_5.gif', 'http://hince.co.kr/images/mood-enhancer/sheer/detail_inthemoment_6.gif', 'http://hince.co.kr/pop-up/구매수량제한_최종.jpg']"
Lip,http://hince.co.kr/assets/images/hince-category-lip.png,무드인핸서 마뜨 얼루어,"19,000원","['http://hince.co.kr/web/product/tiny/201905/9bcd5214cb273e61d797cd572750220b.jpg', 'http://hince.co.kr/web/product/medium/201905/dd33c8268243bf699b6044a9308da8f8.jpg']",,,"['http://hince.co.kr/images/mood-enhancer/matte/detail-allure-01.jpg', 'http://hince.co.kr/images/mood-enhancer/matte/detail-allure-02.jpg', 'http://hince.co.kr/images/mood-enhancer/matte/detail-allure-03.jpg', 'http://hince.co.kr/images/mood-enhancer/matte/detail-allure-04.jpg', 'http://hince.co.kr/images/mood-enhancer/matte/detail-allure-05.jpg', 'http://hince.co.kr/images/mood-enhancer/matte/detail-allure-06.jpg', 'http://hince.co.kr/images/mood-enhancer/matte/hince_product_rotation_gifver.gif', 'http://hince.co.kr/images/mood-enhancer/matte/detail-last-main.jpg', 'http://hince.co.kr/pop-up/구매수량제한_최종.jpg']"
Lip,http://hince.co.kr/assets/images/hince-category-lip.png,무드인핸서 마뜨 타임리스,"19,000원","['http://hince.co.kr/web/product/tiny/201905/f3cf8386068eb357eb12155c49a08c15.jpg', 'http://hince.co.kr/web/product/medium/201905/ca0270b86c2e62c43d3f6b4f12ea6f16.jpg']",,,"['http://hince.co.kr/images/mood-enhancer/matte/detail-timeless-01.jpg', 'http://hince.co.kr/images/mood-enhancer/matte/detail-timeless-02.jpg', 'http://hince.co.kr/images/mood-enhancer/matte/detail-timeless-03.jpg', 'http://hince.co.kr/images/mood-enhancer/matte/detail-timeless-04.jpg', 'http://hince.co.kr/images/mood-enhancer/matte/detail-timeless-05.jpg', 'http://hince.co.kr/images/mood-enhancer/matte/detail-timeless-06.jpg', 'http://hince.co.kr/images/mood-enhancer/matte/hince_product_rotation_gifver.gif', 'http://hince.co.kr/images/mood-enhancer/matte/detail-last-main.jpg', 'http://hince.co.kr/pop-up/구매수량제한_최종.jpg']"
Lip,http://hince.co.kr/assets/images/hince-category-lip.png,무드인핸서 마뜨 이터널,"19,000원","['http://hince.co.kr/web/product/tiny/201907/1c56755c8dcb5803caef214c544b676f.jpg', 'http://hince.co.kr/web/product/medium/201907/2e6b29dfc537cee1a4934020373565bf.jpg']",,,"['http://hince.co.kr/images/mood-enhancer/matte/detail-eternal-01.jpg', 'http://hince.co.kr/images/mood-enhancer/matte/detail-eternal-02-re.jpg', 'http://hince.co.kr/images/mood-enhancer/matte/detail-eternal-03.jpg', 'http://hince.co.kr/images/mood-enhancer/matte/detail-eternal-04.jpg', 'http://hince.co.kr/images/mood-enhancer/matte/detail-eternal-05.jpg', 'http://hince.co.kr/images/mood-enhancer/matte/detail-eternal-06.jpg', 'http://hince.co.kr/images/mood-enhancer/matte/hince_product_rotation_gifver.gif', 'http://hince.co.kr/images/mood-enhancer/matte/detail-last-main.jpg', 'http://hince.co.kr/pop-up/구매수량제한_최종.jpg']"
Lip,http://hince.co.kr/assets/images/hince-category-lip.png,무드인핸서 마뜨 소프트 디맨드,"19,000원","['http://hince.co.kr/web/product/tiny/201905/9979e258d48efa470de57e89c24d3581.jpg', 'http://hince.co.kr/web/product/medium/201905/5e5a0a324eeea538ed7cb4b6a4568056.jpg']",,,"['http://hince.co.kr/images/mood-enhancer/matte/detail-softdemand-01-1.jpg', 'http://hince.co.kr/images/mood-enhancer/matte/detail-softdemand-02-1.jpg', 'http://hince.co.kr/images/mood-enhancer/matte/detail-softdemand-03-1.jpg', 'http://hince.co.kr/images/mood-enhancer/matte/detail-softdemand-04-1.jpg', 'http://hince.co.kr/images/mood-enhancer/matte/detail-softdemand-05.jpg', 'http://hince.co.kr/images/mood-enhancer/matte/detail-softdemand-06.jpg', 'http://hince.co.kr/images/mood-enhancer/matte/hince_product_rotation_gifver.gif', 'http://hince.co.kr/images/mood-enhancer/matte/detail-last-main.jpg', 'http://hince.co.kr/pop-up/구매수량제한_최종.jpg']"
Lip,http://hince.co.kr/assets/images/hince-category-lip.png,무드인핸서 마뜨 크레이브,"19,000원","['http://hince.co.kr/web/product/tiny/201907/48135f08c708524873487a2b1e66ac4b.jpg', 'http://hince.co.kr/web/product/medium/201907/17a0afd7c5347c34334aebe579dc4ee6.jpg']",,,"['http://hince.co.kr/images/mood-enhancer/matte/detail-crave-01.jpg', 'http://hince.co.kr/images/mood-enhancer/matte/detail-crave-02.jpg', 'http://hince.co.kr/images/mood-enhancer/matte/detail-crave-03.jpg', 'http://hince.co.kr/images/mood-enhancer/matte/detail-crave-04.jpg', 'http://hince.co.kr/images/mood-enhancer/matte/detail-crave-05.jpg', 'http://hince.co.kr/images/mood-enhancer/matte/detail-crave-06.jpg', 'http://hince.co.kr/images/mood-enhancer/matte/hince_product_rotation_gifver.gif', 'http://hince.co.kr/images/mood-enhancer/matte/detail-last-main.jpg', 'http://hince.co.kr/pop-up/구매수량제한_최종.jpg']"
Lip,http://hince.co.kr/assets/images/hince-category-lip.png,무드인핸서 마뜨 어보브 패션,"19,000원","['http://hince.co.kr/web/product/tiny/201907/a646730cad4578db40ef099ef317379d.jpg', 'http://hince.co.kr/web/product/medium/201907/c4cf6c7291b81a4f8cf096853122c0cd.jpg']",,,"['http://hince.co.kr/images/mood-enhancer/matte/detail-abovepassion-01.jpg', 'http://hince.co.kr/images/mood-enhancer/matte/detail-abovepassion-02.jpg', 'http://hince.co.kr/images/mood-enhancer/matte/detail-abovepassion-03.jpg', 'http://hince.co.kr/images/mood-enhancer/matte/detail-abovepassion-04.jpg', 'http://hince.co.kr/images/mood-enhancer/matte/detail-abovepassion-05.jpg', 'http://hince.co.kr/images/mood-enhancer/matte/detail-abovepassion-06.jpg', 'http://hince.co.kr/images/mood-enhancer/matte/hince_product_rotation_gifver.gif', 'http://hince.co.kr/images/mood-enhancer/matte/detail-last-main.jpg', 'http://hince.co.kr/pop-up/구매수량제한_최종.jpg']"
Lip,http://hince.co.kr/assets/images/hince-category-lip.png,무드인핸서 마뜨 엔비 미,"19,000원","['http://hince.co.kr/web/product/tiny/201907/43cc8bcd973c1764391bdc36ac81c5a1.jpg', 'http://hince.co.kr/web/product/medium/201907/b0ae84d92d63556ccbf7cffefa03f317.jpg']",,,"['http://hince.co.kr/images/mood-enhancer/matte/detail-envyme-01.jpg', 'http://hince.co.kr/images/mood-enhancer/matte/detail-envyme-02.jpg', 'http://hince.co.kr/images/mood-enhancer/matte/detail-envyme-03.jpg', 'http://hince.co.kr/images/mood-enhancer/matte/detail-envyme-04.jpg', 'http://hince.co.kr/images/mood-enhancer/matte/detail-envyme-05.jpg', 'http://hince.co.kr/images/mood-enhancer/matte/detail-envyme-06.jpg', 'http://hince.co.kr/images/mood-enhancer/matte/hince_product_rotation_gifver.gif', 'http://hince.co.kr/images/mood-enhancer/matte/detail-last-main.jpg', 'http://hince.co.kr/pop-up/구매수량제한_최종.jpg']"
Lip,http://hince.co.kr/assets/images/hince-category-lip.png,무드인핸서 마뜨 트루 이매진,"19,000원","['http://hince.co.kr/web/product/tiny/201905/eba7ecae6ed4f13f1ba93a10445a1238.jpg', 'http://hince.co.kr/web/product/medium/201905/114aea153de064b38c784ffe7dc57767.jpg']",,,"['http://hince.co.kr/images/mood-enhancer/matte/detail-trueimagine-01.jpg', 'http://hince.co.kr/images/mood-enhancer/matte/detail-trueimagine-02.jpg', 'http://hince.co.kr/images/mood-enhancer/matte/detail-trueimagine-03.jpg', 'http://hince.co.kr/images/mood-enhancer/matte/detail-trueimagine-04.jpg', 'http://hince.co.kr/images/mood-enhancer/matte/detail-trueimagine-05.jpg', 'http://hince.co.kr/images/mood-enhancer/matte/detail-trueimagine-06.jpg', 'http://hince.co.kr/images/mood-enhancer/matte/hince_product_rotation_gifver.gif', 'http://hince.co.kr/images/mood-enhancer/matte/detail-last-main.jpg', 'http://hince.co.kr/pop-up/구매수량제한_최종.jpg']"
Lip,http://hince.co.kr/assets/images/hince-category-lip.png,무드인핸서 마뜨 인스퍼레이션,"19,000원","['http://hince.co.kr/web/product/tiny/201905/2d9689f43e6ab2cffb6276f1b629ede5.jpg', 'http://hince.co.kr/web/product/medium/201905/9886a0103e83efd7fe2bef8c2caad985.jpg']",,,"['http://hince.co.kr/images/mood-enhancer/matte/detail-inspiration-01.jpg', 'http://hince.co.kr/images/mood-enhancer/matte/detail-inspiration-02.jpg', 'http://hince.co.kr/images/mood-enhancer/matte/detail-inspiration-03.jpg', 'http://hince.co.kr/images/mood-enhancer/matte/detail-inspiration-04.jpg', 'http://hince.co.kr/images/mood-enhancer/matte/detail-inspiration-05.jpg', 'http://hince.co.kr/images/mood-enhancer/matte/detail-inspiration-06.jpg', 'http://hince.co.kr/images/mood-enhancer/matte/hince_product_rotation_gifver.gif', 'http://hince.co.kr/images/mood-enhancer/matte/detail-last-main.jpg', 'http://hince.co.kr/pop-up/구매수량제한_최종.jpg']"
Lip,http://hince.co.kr/assets/images/hince-category-lip.png,무드인핸서 마뜨 플레어,"19,000원","['http://hince.co.kr/web/product/tiny/201905/a9841b8ff0cb0c52827cf056d7af3c4d.jpg', 'http://hince.co.kr/web/product/medium/201905/04ffd67b280ef270ec31255c417e3d59.jpg']",,,"['http://hince.co.kr/images/mood-enhancer/matte/detail-flare-01.jpg', 'http://hince.co.kr/images/mood-enhancer/matte/detail-flare-02.jpg', 'http://hince.co.kr/images/mood-enhancer/matte/detail-flare-03.jpg', 'http://hince.co.kr/images/mood-enhancer/matte/detail-flare-04.jpg', 'http://hince.co.kr/images/mood-enhancer/matte/detail-flare-05.jpg', 'http://hince.co.kr/images/mood-enhancer/matte/detail-flare-06.jpg', 'http://hince.co.kr/images/mood-enhancer/matte/hince_product_rotation_gifver.gif', 'http://hince.co.kr/images/mood-enhancer/matte/detail-last-main.jpg', 'http://hince.co.kr/pop-up/구매수량제한_최종.jpg']"
Eye,http://hince.co.kr/assets/images/hince-category-eye.png,뉴 뎁스 아이섀도우 팔레트 젠틀 앤 펌,"39,000원","['http://hince.co.kr/web/product/tiny/20200616/0d357acd7d658a87fadd8a90f931af7a.jpg', 'http://hince.co.kr/web/product/medium/20200616/f0c87ac6f4fbc1f52ccbb71569738d3f.jpg']",new,['http://hince.co.kr/web/upload/custom_1.png'],"['http://hince.co.kr/pop-up/사본 -팔레트-%26-네스트.jpg', 'http://hince.co.kr/images/mood-enhancer/shadowpalette/00_collection_1.jpg', 'http://hince.co.kr/images/mood-enhancer/shadowpalette/collection.gif', 'http://hince.co.kr/images/mood-enhancer/shadowpalette/00_collection_2.jpg', 'http://hince.co.kr/images/mood-enhancer/shadowpalette/gentle&firm/01_gentle&firm.jpg', 'http://hince.co.kr/images/mood-enhancer/shadowpalette/gentle&firm/01.jpg', 'http://hince.co.kr/images/mood-enhancer/shadowpalette/gentle&firm/01-3.jpg', 'http://hince.co.kr/images/mood-enhancer/shadowpalette/gentle&firm/01-1.jpg', 'http://hince.co.kr/images/mood-enhancer/shadowpalette/gentle&firm/01-2.jpg', 'http://hince.co.kr/images/mood-enhancer/shadowpalette/gentle&firm/01-3.jpg', 'http://hince.co.kr/images/mood-enhancer/shadowpalette/gentle&firm/01-1.jpg', 'http://hince.co.kr/images/mood-enhancer/shadowpalette/gentle&firm/01-2.jpg', 'http://hince.co.kr/images/mood-enhancer/shadowpalette/gentle&firm/01-3.jpg', 'http://hince.co.kr/images/mood-enhancer/shadowpalette/gentle&firm/02.jpg', 'http://hince.co.kr/images/mood-enhancer/shadowpalette/gentle&firm/02-3.jpg', 'http://hince.co.kr/images/mood-enhancer/shadowpalette/gentle&firm/02-1.jpg', 'http://hince.co.kr/images/mood-enhancer/shadowpalette/gentle&firm/02-2.jpg', 'http://hince.co.kr/images/mood-enhancer/shadowpalette/gentle&firm/02-3.jpg', 'http://hince.co.kr/images/mood-enhancer/shadowpalette/gentle&firm/02-1.jpg', 'http://hince.co.kr/images/mood-enhancer/shadowpalette/gentle&firm/02-2.jpg', 'http://hince.co.kr/images/mood-enhancer/shadowpalette/gentle&firm/02-3.jpg', 'http://hince.co.kr/images/mood-enhancer/shadowpalette/gentle&firm/03.jpg', 'http://hince.co.kr/images/mood-enhancer/shadowpalette/gentle&firm/03-3.jpg', 'http://hince.co.kr/images/mood-enhancer/shadowpalette/gentle&firm/03-1.jpg', 'http://hince.co.kr/images/mood-enhancer/shadowpalette/gentle&firm/03-2.jpg', 'http://hince.co.kr/images/mood-enhancer/shadowpalette/gentle&firm/03-3.jpg', 'http://hince.co.kr/images/mood-enhancer/shadowpalette/gentle&firm/03-1.jpg', 'http://hince.co.kr/images/mood-enhancer/shadowpalette/gentle&firm/03-2.jpg', 'http://hince.co.kr/images/mood-enhancer/shadowpalette/gentle&firm/03-3.jpg', 'http://hince.co.kr/images/mood-enhancer/shadowpalette/gentle&firm/04.jpg', 'http://hince.co.kr/images/mood-enhancer/shadowpalette/gentle&firm/04-3.jpg', 'http://hince.co.kr/images/mood-enhancer/shadowpalette/gentle&firm/04-1.jpg', 'http://hince.co.kr/images/mood-enhancer/shadowpalette/gentle&firm/04-2.jpg', 'http://hince.co.kr/images/mood-enhancer/shadowpalette/gentle&firm/04-3.jpg', 'http://hince.co.kr/images/mood-enhancer/shadowpalette/gentle&firm/04-1.jpg', 'http://hince.co.kr/images/mood-enhancer/shadowpalette/gentle&firm/04-2.jpg', 'http://hince.co.kr/images/mood-enhancer/shadowpalette/gentle&firm/04-3.jpg', 'http://hince.co.kr/images/mood-enhancer/shadowpalette/gentle&firm/05.jpg', 'http://hince.co.kr/images/mood-enhancer/shadowpalette/gentle&firm/05-3.jpg', 'http://hince.co.kr/images/mood-enhancer/shadowpalette/gentle&firm/05-1.jpg', 'http://hince.co.kr/images/mood-enhancer/shadowpalette/gentle&firm/05-2.jpg', 'http://hince.co.kr/images/mood-enhancer/shadowpalette/gentle&firm/05-3.jpg', 'http://hince.co.kr/images/mood-enhancer/shadowpalette/gentle&firm/05-1.jpg', 'http://hince.co.kr/images/mood-enhancer/shadowpalette/gentle&firm/05-2.jpg', 'http://hince.co.kr/images/mood-enhancer/shadowpalette/gentle&firm/05-3.jpg', 'http://hince.co.kr/images/mood-enhancer/shadowpalette/gentle&firm/01_USP-1.jpg', 'http://hince.co.kr/images/mood-enhancer/shadowpalette/gentle&firm/1-2.gif', 'http://hince.co.kr/images/mood-enhancer/shadowpalette/gentle&firm/01_USP-2.jpg']"
Eye,http://hince.co.kr/assets/images/hince-category-eye.png,뉴 뎁스 아이섀도우 팔레트 오프 밸런스,"39,000원","['http://hince.co.kr/web/product/tiny/20200617/12b79f99a309dd818e3f9e6366ef5e05.jpg', 'http://hince.co.kr/web/product/medium/20200616/b86483d397b8c1eacead98f718717292.jpg']",new,['http://hince.co.kr/web/upload/custom_1.png'],"['http://hince.co.kr/pop-up/사본 -팔레트-%26-네스트.jpg', 'http://hince.co.kr/images/mood-enhancer/shadowpalette/00_collection_1.jpg', 'http://hince.co.kr/images/mood-enhancer/shadowpalette/collection.gif', 'http://hince.co.kr/images/mood-enhancer/shadowpalette/00_collection_2.jpg', 'http://hince.co.kr/images/mood-enhancer/shadowpalette/offbalance/02_off-balance.jpg', 'http://hince.co.kr/images/mood-enhancer/shadowpalette/offbalance/01.jpg', 'http://hince.co.kr/images/mood-enhancer/shadowpalette/offbalance/01-3.jpg', 'http://hince.co.kr/images/mood-enhancer/shadowpalette/offbalance/01-1.jpg', 'http://hince.co.kr/images/mood-enhancer/shadowpalette/offbalance/01-2.jpg', 'http://hince.co.kr/images/mood-enhancer/shadowpalette/offbalance/01-3.jpg', 'http://hince.co.kr/images/mood-enhancer/shadowpalette/offbalance/01-1.jpg', 'http://hince.co.kr/images/mood-enhancer/shadowpalette/offbalance/01-2.jpg', 'http://hince.co.kr/images/mood-enhancer/shadowpalette/offbalance/01-3.jpg', 'http://hince.co.kr/images/mood-enhancer/shadowpalette/offbalance/02.jpg', 'http://hince.co.kr/images/mood-enhancer/shadowpalette/offbalance/02-3.jpg', 'http://hince.co.kr/images/mood-enhancer/shadowpalette/offbalance/02-1.jpg', 'http://hince.co.kr/images/mood-enhancer/shadowpalette/offbalance/02-2.jpg', 'http://hince.co.kr/images/mood-enhancer/shadowpalette/offbalance/02-3.jpg', 'http://hince.co.kr/images/mood-enhancer/shadowpalette/offbalance/02-1.jpg', 'http://hince.co.kr/images/mood-enhancer/shadowpalette/offbalance/02-2.jpg', 'http://hince.co.kr/images/mood-enhancer/shadowpalette/offbalance/02-3.jpg', 'http://hince.co.kr/images/mood-enhancer/shadowpalette/offbalance/03.jpg', 'http://hince.co.kr/images/mood-enhancer/shadowpalette/offbalance/03-3.jpg', 'http://hince.co.kr/images/mood-enhancer/shadowpalette/offbalance/03-1.jpg', 'http://hince.co.kr/images/mood-enhancer/shadowpalette/offbalance/03-2.jpg', 'http://hince.co.kr/images/mood-enhancer/shadowpalette/offbalance/03-3.jpg', 'http://hince.co.kr/images/mood-enhancer/shadowpalette/offbalance/03-1.jpg', 'http://hince.co.kr/images/mood-enhancer/shadowpalette/offbalance/03-2.jpg', 'http://hince.co.kr/images/mood-enhancer/shadowpalette/offbalance/03-3.jpg', 'http://hince.co.kr/images/mood-enhancer/shadowpalette/offbalance/04.jpg', 'http://hince.co.kr/images/mood-enhancer/shadowpalette/offbalance/04-3.jpg', 'http://hince.co.kr/images/mood-enhancer/shadowpalette/offbalance/04-1.jpg', 'http://hince.co.kr/images/mood-enhancer/shadowpalette/offbalance/04-2.jpg', 'http://hince.co.kr/images/mood-enhancer/shadowpalette/offbalance/04-3.jpg', 'http://hince.co.kr/images/mood-enhancer/shadowpalette/offbalance/04-1.jpg', 'http://hince.co.kr/images/mood-enhancer/shadowpalette/offbalance/04-2.jpg', 'http://hince.co.kr/images/mood-enhancer/shadowpalette/offbalance/04-3.jpg', 'http://hince.co.kr/images/mood-enhancer/shadowpalette/offbalance/05.jpg', 'http://hince.co.kr/images/mood-enhancer/shadowpalette/offbalance/05-3.jpg', 'http://hince.co.kr/images/mood-enhancer/shadowpalette/offbalance/05-1.jpg', 'http://hince.co.kr/images/mood-enhancer/shadowpalette/offbalance/05-2.jpg', 'http://hince.co.kr/images/mood-enhancer/shadowpalette/offbalance/05-3.jpg', 'http://hince.co.kr/images/mood-enhancer/shadowpalette/offbalance/05-1.jpg', 'http://hince.co.kr/images/mood-enhancer/shadowpalette/offbalance/05-2.jpg', 'http://hince.co.kr/images/mood-enhancer/shadowpalette/offbalance/05-3.jpg', 'http://hince.co.kr/images/mood-enhancer/shadowpalette/offbalance/02_USP-1.jpg', 'http://hince.co.kr/images/mood-enhancer/shadowpalette/offbalance/2-2.gif', 'http://hince.co.kr/images/mood-enhancer/shadowpalette/offbalance/02_USP-2.jpg']"
Eye,http://hince.co.kr/assets/images/hince-category-eye.png,뉴 뎁스 아이섀도우 리플렉션,"18,000원","['http://hince.co.kr/web/product/tiny/201910/81562061237bd21503703e2f2217216c.jpg', 'http://hince.co.kr/web/product/medium/201910/abfde4583011bf5a360adfbb44622adf.jpg']",,,"['http://hince.co.kr/images/mood-enhancer/shadow/collection_1.jpg', 'http://hince.co.kr/images/mood-enhancer/shadow/collection_2.gif', 'http://hince.co.kr/images/mood-enhancer/shadow/collection_2.jpg', 'http://hince.co.kr/images/mood-enhancer/shadow/detail_reflection_1.jpg', 'http://hince.co.kr/images/mood-enhancer/shadow/2_color-match_unlock_reflection.jpg', 'http://hince.co.kr/images/mood-enhancer/shadow/eyeshadow_1.jpg', 'http://hince.co.kr/images/mood-enhancer/shadow/glow_.gif', 'http://hince.co.kr/images/mood-enhancer/shadow/sheer_matte.gif', 'http://hince.co.kr/images/mood-enhancer/shadow/velvet_matte.gif', 'http://hince.co.kr/images/mood-enhancer/shadow/satin_matte.gif', 'http://hince.co.kr/images/mood-enhancer/shadow/eyeshadow2.jpg', 'http://hince.co.kr/images/mood-enhancer/shadow/eyeshadow_3.jpg', 'http://hince.co.kr/images/mood-enhancer/shadow/eyeshadow_4.jpg', 'http://hince.co.kr/pop-up/구매수량제한_최종.jpg']"
Eye,http://hince.co.kr/assets/images/hince-category-eye.png,뉴 뎁스 아이섀도우 센서블,"18,000원","['http://hince.co.kr/web/product/tiny/201910/c43390af728209f1dff41348dc8d03d5.jpg', 'http://hince.co.kr/web/product/medium/201910/fa493845cb4365c11cdbbf46704774bc.jpg']",,,"['http://hince.co.kr/images/mood-enhancer/shadow/collection_1.jpg', 'http://hince.co.kr/images/mood-enhancer/shadow/collection_2.gif', 'http://hince.co.kr/images/mood-enhancer/shadow/collection_2.jpg', 'http://hince.co.kr/images/mood-enhancer/shadow/detail_sensible_1.jpg', 'http://hince.co.kr/images/mood-enhancer/shadow/2_color-match_newdraft_sensible.jpg', 'http://hince.co.kr/images/mood-enhancer/shadow/eyeshadow_1.jpg', 'http://hince.co.kr/images/mood-enhancer/shadow/glow_.gif', 'http://hince.co.kr/images/mood-enhancer/shadow/sheer_matte.gif', 'http://hince.co.kr/images/mood-enhancer/shadow/velvet_matte.gif', 'http://hince.co.kr/images/mood-enhancer/shadow/satin_matte.gif', 'http://hince.co.kr/images/mood-enhancer/shadow/eyeshadow2.jpg', 'http://hince.co.kr/images/mood-enhancer/shadow/eyeshadow_3.jpg', 'http://hince.co.kr/images/mood-enhancer/shadow/eyeshadow_4.jpg', 'http://hince.co.kr/pop-up/구매수량제한_최종.jpg']"
Eye,http://hince.co.kr/assets/images/hince-category-eye.png,뉴 뎁스 아이섀도우 클래시,"18,000원","['http://hince.co.kr/web/product/tiny/201910/233ded9826ab715fc983e1ddc59eef23.jpg', 'http://hince.co.kr/web/product/medium/201910/01c9280273c7475dc5aa7eed2322e912.jpg']",,,"['http://hince.co.kr/images/mood-enhancer/shadow/collection_1.jpg', 'http://hince.co.kr/images/mood-enhancer/shadow/collection_2.gif', 'http://hince.co.kr/images/mood-enhancer/shadow/collection_2.jpg', 'http://hince.co.kr/images/mood-enhancer/shadow/detail_classy_.jpg', 'http://hince.co.kr/images/mood-enhancer/shadow/2_color-match_truemoment_classy.jpg', 'http://hince.co.kr/images/mood-enhancer/shadow/eyeshadow_1.jpg', 'http://hince.co.kr/images/mood-enhancer/shadow/glow_.gif', 'http://hince.co.kr/images/mood-enhancer/shadow/sheer_matte.gif', 'http://hince.co.kr/images/mood-enhancer/shadow/velvet_matte.gif', 'http://hince.co.kr/images/mood-enhancer/shadow/satin_matte.gif', 'http://hince.co.kr/images/mood-enhancer/shadow/eyeshadow2.jpg', 'http://hince.co.kr/images/mood-enhancer/shadow/eyeshadow_3.jpg', 'http://hince.co.kr/images/mood-enhancer/shadow/sheermatte_only_1.jpg', 'http://hince.co.kr/images/mood-enhancer/shadow/eyeshadow_4.jpg', 'http://hince.co.kr/images/mood-enhancer/shadow/sheermatte_only_2.jpg', 'http://hince.co.kr/pop-up/구매수량제한_최종.jpg']"
Eye,http://hince.co.kr/assets/images/hince-category-eye.png,뉴 뎁스 아이섀도우 어니스티,"18,000원","['http://hince.co.kr/web/product/tiny/201910/b0f340ab1d0f3dc1b4dabcdf821b3fdb.jpg', 'http://hince.co.kr/web/product/medium/201910/be4368e8b80f3c0e97c82ef62c41fcaf.jpg']",,,"['http://hince.co.kr/images/mood-enhancer/shadow/collection_1.jpg', 'http://hince.co.kr/images/mood-enhancer/shadow/collection_2.gif', 'http://hince.co.kr/images/mood-enhancer/shadow/collection_2.jpg', 'http://hince.co.kr/images/mood-enhancer/shadow/detail_honesty_1.jpg', 'http://hince.co.kr/images/mood-enhancer/shadow/2_color-match_deepdown_honesty.jpg', 'http://hince.co.kr/images/mood-enhancer/shadow/eyeshadow_1.jpg', 'http://hince.co.kr/images/mood-enhancer/shadow/glow_.gif', 'http://hince.co.kr/images/mood-enhancer/shadow/sheer_matte.gif', 'http://hince.co.kr/images/mood-enhancer/shadow/velvet_matte.gif', 'http://hince.co.kr/images/mood-enhancer/shadow/satin_matte.gif', 'http://hince.co.kr/images/mood-enhancer/shadow/eyeshadow2.jpg', 'http://hince.co.kr/images/mood-enhancer/shadow/eyeshadow_3.jpg', 'http://hince.co.kr/images/mood-enhancer/shadow/eyeshadow_4.jpg', 'http://hince.co.kr/pop-up/구매수량제한_최종.jpg']"
Eye,http://hince.co.kr/assets/images/hince-category-eye.png,뉴 뎁스 아이섀도우 빌드 온,"18,000원","['http://hince.co.kr/web/product/tiny/201910/73e8aa2a2737352edd1a12e03f6f3402.jpg', 'http://hince.co.kr/web/product/medium/201910/ce4bc695783fdd403f597a74ea171290.jpg']",,,"['http://hince.co.kr/images/mood-enhancer/shadow/collection_1.jpg', 'http://hince.co.kr/images/mood-enhancer/shadow/collection_2.gif', 'http://hince.co.kr/images/mood-enhancer/shadow/collection_2.jpg', 'http://hince.co.kr/images/mood-enhancer/shadow/detail_buildon_1.jpg', 'http://hince.co.kr/images/mood-enhancer/shadow/2_color-match_prime_buildon.jpg', 'http://hince.co.kr/images/mood-enhancer/shadow/eyeshadow_1.jpg', 'http://hince.co.kr/images/mood-enhancer/shadow/glow_.gif', 'http://hince.co.kr/images/mood-enhancer/shadow/sheer_matte.gif', 'http://hince.co.kr/images/mood-enhancer/shadow/velvet_matte.gif', 'http://hince.co.kr/images/mood-enhancer/shadow/satin_matte.gif', 'http://hince.co.kr/images/mood-enhancer/shadow/eyeshadow2.jpg', 'http://hince.co.kr/images/mood-enhancer/shadow/eyeshadow_3.jpg', 'http://hince.co.kr/images/mood-enhancer/shadow/eyeshadow_4.jpg', 'http://hince.co.kr/pop-up/구매수량제한_최종.jpg']"
Eye,http://hince.co.kr/assets/images/hince-category-eye.png,뉴 뎁스 아이섀도우 뮤즈 오버,"18,000원","['http://hince.co.kr/web/product/tiny/201910/04a3b7a8d95da81ff419c5c5621fcdd6.jpg', 'http://hince.co.kr/web/product/medium/201910/bdec336ccf82ce1b481ec01084d38117.jpg']",,,"['http://hince.co.kr/images/mood-enhancer/shadow/collection_1.jpg', 'http://hince.co.kr/images/mood-enhancer/shadow/collection_2.gif', 'http://hince.co.kr/images/mood-enhancer/shadow/collection_2.jpg', 'http://hince.co.kr/images/mood-enhancer/shadow/detail_museover_1.jpg', 'http://hince.co.kr/images/mood-enhancer/shadow/2_color-match_upclassic_museover.jpg', 'http://hince.co.kr/images/mood-enhancer/shadow/eyeshadow_1.jpg', 'http://hince.co.kr/images/mood-enhancer/shadow/glow_.gif', 'http://hince.co.kr/images/mood-enhancer/shadow/sheer_matte.gif', 'http://hince.co.kr/images/mood-enhancer/shadow/velvet_matte.gif', 'http://hince.co.kr/images/mood-enhancer/shadow/satin_matte.gif', 'http://hince.co.kr/images/mood-enhancer/shadow/eyeshadow2.jpg', 'http://hince.co.kr/images/mood-enhancer/shadow/eyeshadow_3.jpg', 'http://hince.co.kr/images/mood-enhancer/shadow/sheermatte_only_1.jpg', 'http://hince.co.kr/images/mood-enhancer/shadow/eyeshadow_4.jpg', 'http://hince.co.kr/images/mood-enhancer/shadow/sheermatte_only_2.jpg', 'http://hince.co.kr/pop-up/구매수량제한_최종.jpg']"
Eye,http://hince.co.kr/assets/images/hince-category-eye.png,뉴 뎁스 아이섀도우 얼루어 인 모션,"18,000원","['http://hince.co.kr/web/product/tiny/201910/6930559569ffe59814eb8293b7114305.jpg', 'http://hince.co.kr/web/product/medium/201910/9f0701f38a0f5fa0659e5e7f79290582.jpg']",,,"['http://hince.co.kr/images/mood-enhancer/shadow/collection_1.jpg', 'http://hince.co.kr/images/mood-enhancer/shadow/collection_2.gif', 'http://hince.co.kr/images/mood-enhancer/shadow/collection_2.jpg', 'http://hince.co.kr/images/mood-enhancer/shadow/detail_allureinmotion_1.jpg', 'http://hince.co.kr/images/mood-enhancer/shadow/2_color-match_alluring_allureinmotion.jpg', 'http://hince.co.kr/images/mood-enhancer/shadow/eyeshadow_1.jpg', 'http://hince.co.kr/images/mood-enhancer/shadow/glow_.gif', 'http://hince.co.kr/images/mood-enhancer/shadow/sheer_matte.gif', 'http://hince.co.kr/images/mood-enhancer/shadow/velvet_matte.gif', 'http://hince.co.kr/images/mood-enhancer/shadow/satin_matte.gif', 'http://hince.co.kr/images/mood-enhancer/shadow/eyeshadow2.jpg', 'http://hince.co.kr/images/mood-enhancer/shadow/eyeshadow_3.jpg', 'http://hince.co.kr/images/mood-enhancer/shadow/eyeshadow_4.jpg', 'http://hince.co.kr/pop-up/구매수량제한_최종.jpg']"
Eye,http://hince.co.kr/assets/images/hince-category-eye.png,뉴 뎁스 아이섀도우 인스파이어,"18,000원","['http://hince.co.kr/web/product/tiny/201910/c3c1041598b1620ace00d87f7c01e89c.jpg', 'http://hince.co.kr/web/product/medium/201910/57f56964f8a1a4852c1e6d126e3cf32e.jpg']",,,"['http://hince.co.kr/images/mood-enhancer/shadow/collection_1.jpg', 'http://hince.co.kr/images/mood-enhancer/shadow/collection_2.gif', 'http://hince.co.kr/images/mood-enhancer/shadow/collection_2.jpg', 'http://hince.co.kr/images/mood-enhancer/shadow/detail_inspire_1.jpg', 'http://hince.co.kr/images/mood-enhancer/shadow/2_color-match_findout_inspire.jpg', 'http://hince.co.kr/images/mood-enhancer/shadow/eyeshadow_1.jpg', 'http://hince.co.kr/images/mood-enhancer/shadow/glow_.gif', 'http://hince.co.kr/images/mood-enhancer/shadow/sheer_matte.gif', 'http://hince.co.kr/images/mood-enhancer/shadow/velvet_matte.gif', 'http://hince.co.kr/images/mood-enhancer/shadow/satin_matte.gif', 'http://hince.co.kr/images/mood-enhancer/shadow/eyeshadow2.jpg', 'http://hince.co.kr/images/mood-enhancer/shadow/eyeshadow_3.jpg', 'http://hince.co.kr/images/mood-enhancer/shadow/eyeshadow_4.jpg', 'http://hince.co.kr/pop-up/구매수량제한_최종.jpg']"
Eye,http://hince.co.kr/assets/images/hince-category-eye.png,뉴 뎁스 아이섀도우 어센틱,"18,000원","['http://hince.co.kr/web/product/tiny/201910/99c93521746425328ede1ccb4844860f.jpg', 'http://hince.co.kr/web/product/medium/201910/f28d1a3d0c1cf4963fe9fe4b97de5d08.jpg']",,,"['http://hince.co.kr/images/mood-enhancer/shadow/collection_1.jpg', 'http://hince.co.kr/images/mood-enhancer/shadow/collection_2.gif', 'http://hince.co.kr/images/mood-enhancer/shadow/collection_2.jpg', 'http://hince.co.kr/images/mood-enhancer/shadow/detail_authentic_1.jpg', 'http://hince.co.kr/images/mood-enhancer/shadow/2_color-match_ultimate_authentic.jpg', 'http://hince.co.kr/images/mood-enhancer/shadow/eyeshadow_1.jpg', 'http://hince.co.kr/images/mood-enhancer/shadow/glow_.gif', 'http://hince.co.kr/images/mood-enhancer/shadow/sheer_matte.gif', 'http://hince.co.kr/images/mood-enhancer/shadow/velvet_matte.gif', 'http://hince.co.kr/images/mood-enhancer/shadow/satin_matte.gif', 'http://hince.co.kr/images/mood-enhancer/shadow/eyeshadow2.jpg', 'http://hince.co.kr/images/mood-enhancer/shadow/eyeshadow_3.jpg', 'http://hince.co.kr/images/mood-enhancer/shadow/eyeshadow_4.jpg', 'http://hince.co.kr/pop-up/구매수량제한_최종.jpg']"
Eye,http://hince.co.kr/assets/images/hince-category-eye.png,뉴 뎁스 아이섀도우 뉴 웨이브,"18,000원","['http://hince.co.kr/web/product/tiny/201910/8ac90df1ab67a86e606806ce8ce1c7f1.jpg', 'http://hince.co.kr/web/product/medium/201910/6cfcb0643594df7dd845c02c697003a5.jpg']",,,"['http://hince.co.kr/images/mood-enhancer/shadow/collection_1.jpg', 'http://hince.co.kr/images/mood-enhancer/shadow/collection_2.gif', 'http://hince.co.kr/images/mood-enhancer/shadow/collection_2.jpg', 'http://hince.co.kr/images/mood-enhancer/shadow/detail_newwave_1.jpg', 'http://hince.co.kr/images/mood-enhancer/shadow/2_color-match_indepth_newwave.jpg', 'http://hince.co.kr/images/mood-enhancer/shadow/eyeshadow_1.jpg', 'http://hince.co.kr/images/mood-enhancer/shadow/glow_.gif', 'http://hince.co.kr/images/mood-enhancer/shadow/sheer_matte.gif', 'http://hince.co.kr/images/mood-enhancer/shadow/velvet_matte.gif', 'http://hince.co.kr/images/mood-enhancer/shadow/satin_matte.gif', 'http://hince.co.kr/images/mood-enhancer/shadow/eyeshadow2.jpg', 'http://hince.co.kr/images/mood-enhancer/shadow/eyeshadow_3.jpg', 'http://hince.co.kr/images/mood-enhancer/shadow/eyeshadow_4.jpg', 'http://hince.co.kr/pop-up/구매수량제한_최종.jpg']"
Cheek,http://hince.co.kr/assets/images/hince-category-cheek.png,트루 디멘션 래디언스 밤 클리어,"29,000원","['http://hince.co.kr/web/product/tiny/20200304/5ec9e0d5adc96a6cd89cc49318874a80.jpg', 'http://hince.co.kr/web/product/medium/20200304/bfe084a4ab709a34439ee5ad73e1e67e.jpg']",,,"['http://hince.co.kr/images/mood-enhancer/cheek/4th collection_kr.jpg', 'http://hince.co.kr/images/mood-enhancer/cheek/01_클리어.jpg', 'http://hince.co.kr/images/mood-enhancer/cheek/트루디멘션래디언스밤_USP.jpg', 'http://hince.co.kr/images/mood-enhancer/cheek/USP_gif.gif', 'http://hince.co.kr/images/mood-enhancer/cheek/트루디멘션래디언스밤_USP2.jpg', 'http://hince.co.kr/pop-up/구매수량제한_최종.jpg']"
Cheek,http://hince.co.kr/assets/images/hince-category-cheek.png,트루 디멘션 래디언스 밤 다운 레이,"29,000원","['http://hince.co.kr/web/product/tiny/20200304/76f418f8ef3330c274c50380389b2e7c.jpg', 'http://hince.co.kr/web/product/medium/20200304/a1733ea5ad155aac6ff5dbb7e0fe93d1.jpg']",,,"['http://hince.co.kr/images/mood-enhancer/cheek/4th collection_kr.jpg', 'http://hince.co.kr/images/mood-enhancer/cheek/02_다운레이.jpg', 'http://hince.co.kr/images/mood-enhancer/cheek/트루디멘션래디언스밤_USP.jpg', 'http://hince.co.kr/images/mood-enhancer/cheek/USP_gif.gif', 'http://hince.co.kr/images/mood-enhancer/cheek/트루디멘션래디언스밤_USP2.jpg', 'http://hince.co.kr/pop-up/구매수량제한_최종.jpg']"
Cheek,http://hince.co.kr/assets/images/hince-category-cheek.png,트루 디멘션 래디언스 밤 텐더 룸,"29,000원","['http://hince.co.kr/web/product/tiny/20200304/2247d51d8c4bd4757834743ae0e0b00b.jpg', 'http://hince.co.kr/web/product/medium/20200304/3fcf88dbcf30178a341077ad18a6d84d.jpg']",,,"['http://hince.co.kr/images/mood-enhancer/cheek/4th collection_kr.jpg', 'http://hince.co.kr/images/mood-enhancer/cheek/03_텐더 룸.jpg', 'http://hince.co.kr/images/mood-enhancer/cheek/트루디멘션래디언스밤_USP.jpg', 'http://hince.co.kr/images/mood-enhancer/cheek/USP_gif.gif', 'http://hince.co.kr/images/mood-enhancer/cheek/트루디멘션래디언스밤_USP2.jpg', 'http://hince.co.kr/pop-up/구매수량제한_최종.jpg']"
Cheek,http://hince.co.kr/assets/images/hince-category-cheek.png,트루 디멘션 래디언스 밤 레어 슬립,"29,000원","['http://hince.co.kr/web/product/tiny/20200304/1e08417359efcba2c0ab6ab9a234bf61.jpg', 'http://hince.co.kr/web/product/medium/20200304/f3430d2c18a209ba2aef82690599fde5.jpg']",,,"['http://hince.co.kr/images/mood-enhancer/cheek/4th collection_kr.jpg', 'http://hince.co.kr/images/mood-enhancer/cheek/04_레어 슬립.jpg', 'http://hince.co.kr/images/mood-enhancer/cheek/트루디멘션래디언스밤_USP.jpg', 'http://hince.co.kr/images/mood-enhancer/cheek/USP_gif.gif', 'http://hince.co.kr/images/mood-enhancer/cheek/트루디멘션래디언스밤_USP2.jpg', 'http://hince.co.kr/pop-up/구매수량제한_최종.jpg']"
Cheek,http://hince.co.kr/assets/images/hince-category-cheek.png,트루 디멘션 래디언스 밤 라이트,"29,000원","['http://hince.co.kr/web/product/tiny/20200304/c8125edbf4ba8bfe49c2948da725d21b.jpg', 'http://hince.co.kr/web/product/medium/20200304/7f50dc05616f36859794560771171282.jpg']",,,"['http://hince.co.kr/images/mood-enhancer/cheek/4th collection_kr.jpg', 'http://hince.co.kr/images/mood-enhancer/cheek/05_라이트.jpg', 'http://hince.co.kr/images/mood-enhancer/cheek/트루디멘션래디언스밤_USP.jpg', 'http://hince.co.kr/images/mood-enhancer/cheek/USP_gif.gif', 'http://hince.co.kr/images/mood-enhancer/cheek/트루디멘션래디언스밤_USP2.jpg', 'http://hince.co.kr/pop-up/구매수량제한_최종.jpg']"
Cheek,http://hince.co.kr/assets/images/hince-category-cheek.png,트루 디멘션 래디언스 밤 소프트 글레이저,"29,000원","['http://hince.co.kr/web/product/tiny/20200304/92b6d4d36105de0275e7843b781f849d.jpg', 'http://hince.co.kr/web/product/medium/20200304/4eb574312f314184887dfd61459d064d.jpg']",,,"['http://hince.co.kr/images/mood-enhancer/cheek/4th collection_kr.jpg', 'http://hince.co.kr/images/mood-enhancer/cheek/06_소프트 글레이저.jpg', 'http://hince.co.kr/images/mood-enhancer/cheek/트루디멘션래디언스밤_USP.jpg', 'http://hince.co.kr/images/mood-enhancer/cheek/USP_gif.gif', 'http://hince.co.kr/images/mood-enhancer/cheek/트루디멘션래디언스밤_USP2.jpg', 'http://hince.co.kr/pop-up/구매수량제한_최종.jpg']"
Cheek,http://hince.co.kr/assets/images/hince-category-cheek.png,트루디멘션 글로우 치크 블러쉬 온,"23,000원","['http://hince.co.kr/web/product/tiny/201905/e5d4f44add7ed08b3809928256baa61c.jpg', 'http://hince.co.kr/web/product/medium/201905/14c2b41dd7d8ac3bd204b3dcaefe0f41.jpg']",,,"['http://hince.co.kr/images/mood-enhancer/cheek/detail_collection_1.jpg', 'http://hince.co.kr/images/mood-enhancer/cheek/detail_collection_2.gif', 'http://hince.co.kr/images/mood-enhancer/cheek/detail_collection_3.jpg', 'http://hince.co.kr/images/mood-enhancer/cheek/detail_collection_4.gif', 'http://hince.co.kr/images/mood-enhancer/cheek/detail_collection_5.jpg', 'http://hince.co.kr/images/mood-enhancer/cheek/detail_blushon_1.jpg', 'http://hince.co.kr/images/mood-enhancer/cheek/detail_blushon_2.jpg', 'http://hince.co.kr/images/mood-enhancer/cheek/detail_blushon_3.jpg', 'http://hince.co.kr/images/mood-enhancer/cheek/detail_blushon_4.jpg', 'http://hince.co.kr/images/mood-enhancer/cheek/cheek_how_to.jpg', 'http://hince.co.kr/pop-up/구매수량제한_최종.jpg']"
Cheek,http://hince.co.kr/assets/images/hince-category-cheek.png,트루디멘션 글로우 치크 멜로우,"23,000원","['http://hince.co.kr/web/product/tiny/201905/c1021d794a3ae9f5ee6d25be1bc1593c.jpg', 'http://hince.co.kr/web/product/medium/201905/d00d70329e377a35a15aaf889515b6cb.jpg']",,,"['http://hince.co.kr/images/mood-enhancer/cheek/detail_collection_1.jpg', 'http://hince.co.kr/images/mood-enhancer/cheek/detail_collection_2.gif', 'http://hince.co.kr/images/mood-enhancer/cheek/detail_collection_3.jpg', 'http://hince.co.kr/images/mood-enhancer/cheek/detail_collection_4.gif', 'http://hince.co.kr/images/mood-enhancer/cheek/detail_collection_5.jpg', 'http://hince.co.kr/images/mood-enhancer/cheek/detail_mellow_1.jpg', 'http://hince.co.kr/images/mood-enhancer/cheek/detail_mellow_2.jpg', 'http://hince.co.kr/images/mood-enhancer/cheek/detail_mellow_3.jpg', 'http://hince.co.kr/images/mood-enhancer/cheek/detail_mellow_4.jpg', 'http://hince.co.kr/images/mood-enhancer/cheek/cheek_how_to.jpg', 'http://hince.co.kr/pop-up/구매수량제한_최종.jpg']"
Cheek,http://hince.co.kr/assets/images/hince-category-cheek.png,트루디멘션 글로우 치크 샤인 아웃,"23,000원","['http://hince.co.kr/web/product/tiny/201905/889a36b4ec99c16b47dc81991eb7ca55.jpg', 'http://hince.co.kr/web/product/medium/201905/0981c76e47c168c742d76ca3048910b7.jpg']",,,"['http://hince.co.kr/images/mood-enhancer/cheek/detail_collection_1.jpg', 'http://hince.co.kr/images/mood-enhancer/cheek/detail_collection_2.gif', 'http://hince.co.kr/images/mood-enhancer/cheek/detail_collection_3.jpg', 'http://hince.co.kr/images/mood-enhancer/cheek/detail_collection_4.gif', 'http://hince.co.kr/images/mood-enhancer/cheek/detail_collection_5.jpg', 'http://hince.co.kr/images/mood-enhancer/cheek/detail_shineout_1.jpg', 'http://hince.co.kr/images/mood-enhancer/cheek/detail_shineout_2.jpg', 'http://hince.co.kr/images/mood-enhancer/cheek/detail_shineout_3.jpg', 'http://hince.co.kr/images/mood-enhancer/cheek/detail_shineout_4.jpg', 'http://hince.co.kr/images/mood-enhancer/cheek/cheek_how_to.jpg', 'http://hince.co.kr/pop-up/구매수량제한_최종.jpg']"
Cheek,http://hince.co.kr/assets/images/hince-category-cheek.png,트루디멘션 글로우 치크 베어 리플렉션,"23,000원","['http://hince.co.kr/web/product/tiny/201905/b9f6f2fd1e79b69b2556865596259231.jpg', 'http://hince.co.kr/web/product/medium/201905/4ea2fd69a3548ac1a8346c43b9f9bdcd.jpg']",,,"['http://hince.co.kr/images/mood-enhancer/cheek/detail_collection_1.jpg', 'http://hince.co.kr/images/mood-enhancer/cheek/detail_collection_2.gif', 'http://hince.co.kr/images/mood-enhancer/cheek/detail_collection_3.jpg', 'http://hince.co.kr/images/mood-enhancer/cheek/detail_collection_4.gif', 'http://hince.co.kr/images/mood-enhancer/cheek/detail_collection_5.jpg', 'http://hince.co.kr/images/mood-enhancer/cheek/detail_bare_1.jpg', 'http://hince.co.kr/images/mood-enhancer/cheek/detail_bare_2.jpg', 'http://hince.co.kr/images/mood-enhancer/cheek/detail_bare_3.jpg', 'http://hince.co.kr/images/mood-enhancer/cheek/detail_bare_4.jpg', 'http://hince.co.kr/images/mood-enhancer/cheek/cheek_how_to.jpg', 'http://hince.co.kr/pop-up/구매수량제한_최종.jpg']"
Nail,http://hince.co.kr/assets/images/hince-category-nail.png,글로우 업 네일 컬러 펄리 글로우,"12,000원","['http://hince.co.kr/web/product/tiny/20200304/13b707f395fbd4ae4eb11f6ef21529a3.jpg', 'http://hince.co.kr/web/product/medium/20200304/03d078c2982201c67848d93ad9112745.jpg']",sold_out,['http://hince.co.kr/web/upload/custom_3.png'],"['http://hince.co.kr/images/mood-enhancer/nail/00_4th collection_kr_2.jpg', 'http://hince.co.kr/images/mood-enhancer/nail/01_펄리 글로우.jpg', 'http://hince.co.kr/images/mood-enhancer/nail/글로우 업 네일 컬러_USP.jpg', 'http://hince.co.kr/pop-up/구매수량제한_최종.jpg']"
Nail,http://hince.co.kr/assets/images/hince-category-nail.png,글로우 업 네일 컬러 소프트 밸런스,"12,000원","['http://hince.co.kr/web/product/tiny/20200304/57bb43209311cf4d8a6659c624263313.jpg', 'http://hince.co.kr/web/product/medium/20200304/f6464971343534cf4244f09b0b473207.jpg']",sold_out,['http://hince.co.kr/web/upload/custom_3.png'],"['http://hince.co.kr/images/mood-enhancer/nail/00_4th collection_kr_2.jpg', 'http://hince.co.kr/images/mood-enhancer/nail/02_소프트 밸런스.jpg', 'http://hince.co.kr/images/mood-enhancer/nail/글로우 업 네일 컬러_USP.jpg', 'http://hince.co.kr/pop-up/구매수량제한_최종.jpg']"
Nail,http://hince.co.kr/assets/images/hince-category-nail.png,글로우 업 네일 컬러 커먼 레이어,"12,000원","['http://hince.co.kr/web/product/tiny/20200304/cf123070cb774352b235b8b6b50d8dae.jpg', 'http://hince.co.kr/web/product/medium/20200304/b691be01b8393a5492f642a9adbe07b9.jpg']",sold_out,['http://hince.co.kr/web/upload/custom_3.png'],"['http://hince.co.kr/images/mood-enhancer/nail/00_4th collection_kr_2.jpg', 'http://hince.co.kr/images/mood-enhancer/nail/03_커먼 레이어.jpg', 'http://hince.co.kr/images/mood-enhancer/nail/글로우 업 네일 컬러_USP.jpg', 'http://hince.co.kr/pop-up/구매수량제한_최종.jpg']"
Nail,http://hince.co.kr/assets/images/hince-category-nail.png,글로우 업 네일 컬러 크로스 더 라인,"12,000원","['http://hince.co.kr/web/product/tiny/20200304/b293c796561740397549fb8a9e25e861.jpg', 'http://hince.co.kr/web/product/medium/20200304/01bddba8e2ae32c0c84205c69eeefe53.jpg']",sold_out,['http://hince.co.kr/web/upload/custom_3.png'],"['http://hince.co.kr/images/mood-enhancer/nail/00_4th collection_kr_2.jpg', 'http://hince.co.kr/images/mood-enhancer/nail/04_크로스 더 라인.jpg', 'http://hince.co.kr/images/mood-enhancer/nail/글로우 업 네일 컬러_USP.jpg', 'http://hince.co.kr/pop-up/구매수량제한_최종.jpg']"
Nail,http://hince.co.kr/assets/images/hince-category-nail.png,글로우 업 네일 컬러 오드 인 레드,"12,000원","['http://hince.co.kr/web/product/tiny/20200304/c246b1a62c1fb09ae3c6bf1aa936da67.jpg', 'http://hince.co.kr/web/product/medium/20200304/35e5e0c161de1ca1dc4e8e9e1cd9d00e.jpg']",sold_out,['http://hince.co.kr/web/upload/custom_3.png'],"['http://hince.co.kr/images/mood-enhancer/nail/00_4th collection_kr_2.jpg', 'http://hince.co.kr/images/mood-enhancer/nail/05_오드 인 레드.jpg', 'http://hince.co.kr/images/mood-enhancer/nail/글로우 업 네일 컬러_USP.jpg', 'http://hince.co.kr/pop-up/구매수량제한_최종.jpg']"
Nail,http://hince.co.kr/assets/images/hince-category-nail.png,글로우 업 네일 컬러 낫 베이지,"12,000원","['http://hince.co.kr/web/product/tiny/20200304/8f9cf024e5f675eb8ddf957e3d86f392.jpg', 'http://hince.co.kr/web/product/medium/20200304/d5827a561b74af8e3c400fde92c06b05.jpg']",sold_out,['http://hince.co.kr/web/upload/custom_3.png'],"['http://hince.co.kr/images/mood-enhancer/nail/00_4th collection_kr_2.jpg', 'http://hince.co.kr/images/mood-enhancer/nail/06_낫 베이지.jpg', 'http://hince.co.kr/images/mood-enhancer/nail/글로우 업 네일 컬러_USP.jpg', 'http://hince.co.kr/pop-up/구매수량제한_최종.jpg']"
Object,http://hince.co.kr/assets/images/hince-category-object-sm.png,무드 네스트,"22,000원","['http://hince.co.kr/web/product/tiny/20200619/be034666088d26d1418f35712adf614b.jpg', 'http://hince.co.kr/web/product/medium/20200619/6dc17fa18289243226541bc719bd9022.jpg']",new,['http://hince.co.kr/web/upload/custom_1.png'],['http://hince.co.kr/images/object/Object_Mood Nest.jpg']
Object,http://hince.co.kr/assets/images/hince-category-object-sm.png,무드 리플렉터,"25,000원","['http://hince.co.kr/web/product/tiny/201910/1b3cb4f1b26b77fb0c54bc4d74446151.jpg', 'http://hince.co.kr/web/product/medium/201910/45d7960733d003c93e92c2e4af3a26a8.jpg']",sold_out,['http://hince.co.kr/web/upload/custom_3.png'],"['http://hince.co.kr/images/object/mood-reflector/detail_1.jpg', 'http://hince.co.kr/images/object/mood-reflector/gif_1.gif', 'http://hince.co.kr/images/object/mood-reflector/detail_2.jpg', 'http://hince.co.kr/images/object/mood-reflector/gif_2.gif', 'http://hince.co.kr/images/object/mood-reflector/detail_3.jpg']"
Edition,http://hince.co.kr/assets/images/hince-category-edition.png,얼루어 립 앤 아이 에디션,"56,000원","['http://hince.co.kr/web/product/tiny/202008/4f79341104aa427fe775c9035fe5a9a1.jpg', 'http://hince.co.kr/web/product/medium/202008/968f0c20fe724651a88de1688fcc56e8.jpg']",discount,['http://hince.co.kr/web/upload/custom_515947135318901.png'],['http://hince.co.kr/images/mood-enhancer/edition/01_얼루어-립-앤-아이-에디션-kr.jpg']
Edition,http://hince.co.kr/assets/images/hince-category-edition.png,비 마이 인핸서 세트,"46,000원","['http://hince.co.kr/web/product/tiny/202008/03c71a136c2740c7ea8e8d375caaeb8e.jpg', 'http://hince.co.kr/web/product/medium/202008/cd24f18d3aaf8ba36c875c7c87d812a2.jpg']",discount,['http://hince.co.kr/web/upload/custom_515947135318901.png'],"['http://hince.co.kr/images/mood-enhancer/edition/01_비-마이-인핸서-세트-1.jpg', 'http://hince.co.kr/images/mood-enhancer/edition/01_비-마이-인핸서-세트-2.jpg']"
Edition,http://hince.co.kr/assets/images/hince-category-edition.png,무드인핸서 마뜨 미니 베스트 듀오,"14,000원","['http://hince.co.kr/web/product/tiny/201905/13f5f8034665537b6e36e2306a1c30fa.jpg', 'http://hince.co.kr/web/product/medium/201905/7c810309000632ada91eb507d3ee8d3c.jpg']",,,"['http://hince.co.kr/images/mood-enhancer/matte/mini-matte-duo-1.jpg', 'http://hince.co.kr/images/mood-enhancer/matte/mini-matte-duo-2-1.jpg', 'http://hince.co.kr/images/mood-enhancer/matte/mini-matte-duo-3-1.jpg', 'http://hince.co.kr/images/mood-enhancer/matte/detail-miniature-06-re.jpg']"
Edition,http://hince.co.kr/assets/images/hince-category-edition.png,무드인핸서 마뜨 미니컬렉션,"29,500원","['http://hince.co.kr/web/product/tiny/201903/9c27adb5168f3a00a1d5f10f9ca3b606.jpg', 'http://hince.co.kr/web/product/medium/201901/2ffce4a64bfe4760034e41896ec3fd90.jpg']",sold_out,['http://hince.co.kr/web/upload/custom_3.png'],"['http://hince.co.kr/images/mood-enhancer/matte/detail-miniature-01.jpg', 'http://hince.co.kr/images/mood-enhancer/matte/detail-miniature-02.jpg', 'http://hince.co.kr/images/mood-enhancer/matte/detail-miniature-03-re-re.jpg', 'http://hince.co.kr/images/mood-enhancer/matte/detail-miniature-04-re-re.jpg', 'http://hince.co.kr/images/mood-enhancer/matte/detail-miniature-05.jpg', 'http://hince.co.kr/images/mood-enhancer/matte/hince_product_rotation_gifver.gif', 'http://hince.co.kr/images/mood-enhancer/matte/detail-miniature-06-re.jpg', 'http://hince.co.kr/pop-up/구매수량제한_최종.jpg']"